<?xml version="1.0" encoding="UTF-8"?>
<metadata modelVersion="1.1.0">
  <groupId>cn.iocoder.springboot.labs</groupId>
  <artifactId>lab-23</artifactId>
  <versioning>
    <lastUpdated>20240706134622</lastUpdated>
    <snapshot>
      <localCopy>true</localCopy>
    </snapshot>
    <snapshotVersions>
      <snapshotVersion>
        <extension>pom</extension>
        <value>1.0-SNAPSHOT</value>
        <updated>20240706134622</updated>
      </snapshotVersion>
    </snapshotVersions>
  </versioning>
  <version>1.0-SNAPSHOT</version>
</metadata>
